Residue_1,Residue_2,S01_Correlation,p13_Correlation,Difference
GLU_14,LYS_97,0.0755660266685961,-0.42641764864932,0.5019836753179161
GLU_14,ASP_354,0.0034880433909560684,0.5238501431571336,-0.5203620997661775
GLU_14,TYR_360,-0.07656945191826976,0.47412825980119694,-0.5506977117194667
TYR_54,TYR_432,-0.08378874420541267,0.4466812348251085,-0.5304699790305212
TYR_54,GLU_596,-0.2725193413822433,0.2410202434962925,-0.5135395848785358
HIS_163,GLU_166,0.3941764943368524,-0.27528857888803715,0.6694650732248896
ARG_222,TYR_424,0.062170506747724445,-0.46634953755418423,0.5285200443019087
HIS_347,TYR_360,-0.07012504204875321,-0.6078612719601166,0.5377362299113634
ASP_354,TYR_360,-0.07888288936690016,0.6543082518616123,-0.7331911412285125
TYR_360,ARG_366,0.2631190586813569,-0.5706647960287455,0.8337838547101024
TYR_360,ASP_398,-0.2018573820507466,0.30589803993619086,-0.5077554219869375
TYR_360,ARG_494,0.20260449919966994,-0.4529078447178949,0.6555123439175649
ASP_522,ARG_585,-0.81907455938513,-0.015226304237894771,-0.8038482551472352
