Residue_1,Residue_2,S01_Correlation,p12_Correlation,Difference
ARG_40,ASP_522,0.022534575848902078,-0.4799085999464962,0.5024431757953983
HIS_41,ASP_522,-0.09673008810711237,0.5146821722381092,-0.6114122603452216
HIS_41,ARG_585,0.10822425636230483,-0.552878207849249,0.6611024642115538
GLU_55,ARG_188,0.04267090960232455,-0.8266376483425038,0.8693085579448283
HIS_164,ASP_522,0.004112408117505359,-0.5262831562102214,0.5303955643277267
HIS_164,ARG_585,-0.020853367498989445,0.5453937706860915,-0.566247138185081
HIS_172,LYS_318,-0.22575453512247334,0.2780285483982361,-0.5037830835207094
ASP_216,ARG_279,-0.5389966347349614,-0.018772669041514013,-0.5202239656934474
