Residue_1,Residue_2,S01_Correlation,S05_Correlation,Difference
ASP_295,ARG_366,0.10443663728174947,-0.4848176955747088,0.5892543328564582
ASP_354,TYR_360,-0.07888288936690016,0.7331821706388976,-0.8120650600057977
TYR_360,ARG_366,0.2631190586813569,-0.6248619630626404,0.8879810217439973
TYR_360,ARG_494,0.20260449919966994,-0.4415860258948883,0.6441905250945583
