Feature1,Feature2,Correlation
GLU_472,HIS_478,-0.8074995960153147
ARG_188,GLU_55,-0.8266376483425035
HIS_172,GLU_166,-0.8571135977456535
ASP_153,LYS_102,-0.8786279314009284
ASP_522,ARG_585,-0.9041024337488128
ASP_34,LYS_90,-0.9283809308985408
LYS_396,ASP_340,-0.9341937640812051
ASP_459,LYS_408,-0.9519354441996462
