Feature1,Feature2,Correlation
GLU_472,HIS_478,-0.8114325282047581
LYS_396,ASP_340,-0.9281927875284326
ASP_153,LYS_102,-0.9315254691649716
ASP_34,LYS_90,-0.9361788180420573
ASP_459,LYS_408,-0.9517022109474701
