Feature1,Feature2,Correlation
ARG_585,ASP_522,-0.8190745593851299
GLU_472,HIS_478,-0.8236683029199399
GLU_166,HIS_172,-0.9112233684869505
ASP_459,LYS_408,-0.9202420719757158
ASP_34,LYS_90,-0.9279707889773571
ASP_340,LYS_396,-0.9290237927372935
