Feature1,Feature2,Correlation
GLU_472,HIS_478,-0.8573890096750929
ASP_153,LYS_102,-0.8636887453275882
ASP_34,LYS_90,-0.9311490210553395
LYS_396,ASP_340,-0.9315155684975668
