Feature1,Feature2,Correlation
LYS_406,ASP_461,-0.8050269107416985
LYS_542,TYR_543,-0.8188437526911528
ASP_155,LYS_100,-0.8229931702216164
GLU_472,HIS_478,-0.8448667840953625
ASP_459,LYS_408,-0.883061420545313
LYS_396,ASP_340,-0.9233120192416236
ASP_34,LYS_90,-0.9419261379446442
ASP_153,LYS_102,-0.9615080319293889
