Feature1,Feature2,Correlation
ASP_522,ARG_585,-0.8006767602867167
ASP_459,LYS_408,-0.8071905093208754
ASP_155,LYS_100,-0.8143494530721935
GLU_472,HIS_478,-0.8486816685828417
LYS_396,ASP_340,-0.9294541030326121
ASP_34,LYS_90,-0.9337261331308458
ASP_153,LYS_102,-0.947158398321697
