Feature1,Feature2,Correlation
GLU_472,HIS_478,-0.8252168697482979
LYS_396,ASP_340,-0.9347591970480859
ASP_34,LYS_90,-0.9366395814971468
ASP_459,LYS_408,-0.9482812891365918
