Feature1,Feature2,Correlation
LYS_542,TYR_543,-0.8064317899629566
ASP_522,ARG_585,-0.8149323719382907
ARG_366,ASP_362,-0.8208916270268087
ASP_155,LYS_100,-0.8341312930743607
LYS_406,ASP_461,-0.8378418684634767
ASP_459,LYS_408,-0.8870817709137553
ASP_153,LYS_102,-0.8931230805595315
ASP_34,LYS_90,-0.9225462091888541
LYS_396,ASP_340,-0.9383764032530698
