Feature1,Feature2,Correlation
HIS_172,GLU_166,-0.8219196094731008
GLU_472,HIS_478,-0.8234455973613584
LYS_406,ASP_461,-0.8310646273621985
LYS_396,ASP_340,-0.9269850434046322
ASP_34,LYS_90,-0.9337458335981521
ASP_459,LYS_408,-0.9436909020501678
