Feature1,Feature2,Correlation
LYS_542,TYR_543,-0.8039706453841772
GLU_472,HIS_478,-0.8301975401234166
ASP_155,LYS_100,-0.8368215596123395
ASP_459,LYS_408,-0.8754639790757391
HIS_172,GLU_166,-0.8818910367163478
LYS_396,ASP_340,-0.9330283179024758
ASP_34,LYS_90,-0.9358216236383785
ASP_153,LYS_102,-0.9396059028165485
