Feature1,Feature2,Correlation
TYR_237,LYS_236,-0.8242659841628197
GLU_472,HIS_478,-0.834356184485418
ASP_459,LYS_408,-0.8380232425429703
ASP_153,LYS_102,-0.8658473288241014
HIS_172,GLU_166,-0.9084488287371478
ASP_34,LYS_90,-0.9258862070871775
LYS_396,ASP_340,-0.9291347587019024
