Feature1,Feature2,Correlation
LYS_406,ASP_461,-0.8041445894100423
GLU_472,HIS_478,-0.8359357924545449
ASP_34,LYS_90,-0.9165850065528741
ASP_459,LYS_408,-0.9192160235138609
LYS_396,ASP_340,-0.9304800215023321
