Feature1,Feature2,Correlation
LYS_394,TYR_343,-0.8016782745468896
LYS_100,ASP_155,-0.8073153881907349
GLU_472,HIS_478,-0.8080703567360676
ASP_461,LYS_406,-0.8119061449174205
TYR_543,LYS_542,-0.8304679434129884
ASP_362,ARG_366,-0.8604650002543407
LYS_102,ASP_153,-0.9005825939845937
LYS_396,ASP_340,-0.9252264290327458
LYS_90,ASP_34,-0.9285316022909155
ASP_459,LYS_408,-0.9559013419874445
